episode_id,agent_name,reward_total,score,episode_length,steps,score_per_step,reward_per_step,lives_lost,seed,model_path,timestamp,variant
0,dqn_500k_seed123,1390.0,,858,858,,1.62004662004662,,1000,models/dqn_500k_seed123.zip,2026-06-07T13:03:11,dqn_seed123
1,dqn_500k_seed123,940.0,,791,791,,1.1883691529709228,,1001,models/dqn_500k_seed123.zip,2026-06-07T13:03:14,dqn_seed123
2,dqn_500k_seed123,940.0,,795,795,,1.1823899371069182,,1002,models/dqn_500k_seed123.zip,2026-06-07T13:03:17,dqn_seed123
3,dqn_500k_seed123,940.0,,798,798,,1.1779448621553883,,1003,models/dqn_500k_seed123.zip,2026-06-07T13:03:21,dqn_seed123
4,dqn_500k_seed123,940.0,,796,796,,1.1809045226130652,,1004,models/dqn_500k_seed123.zip,2026-06-07T13:03:24,dqn_seed123
5,dqn_500k_seed123,1240.0,,721,721,,1.7198335644937586,,1005,models/dqn_500k_seed123.zip,2026-06-07T13:03:27,dqn_seed123
6,dqn_500k_seed123,850.0,,957,957,,0.8881922675026124,,1006,models/dqn_500k_seed123.zip,2026-06-07T13:03:31,dqn_seed123
7,dqn_500k_seed123,1240.0,,721,721,,1.7198335644937586,,1007,models/dqn_500k_seed123.zip,2026-06-07T13:03:35,dqn_seed123
8,dqn_500k_seed123,850.0,,954,954,,0.8909853249475891,,1008,models/dqn_500k_seed123.zip,2026-06-07T13:03:39,dqn_seed123
9,dqn_500k_seed123,1390.0,,864,864,,1.6087962962962965,,1009,models/dqn_500k_seed123.zip,2026-06-07T13:03:42,dqn_seed123
10,dqn_500k_seed123,850.0,,952,952,,0.8928571428571429,,1010,models/dqn_500k_seed123.zip,2026-06-07T13:03:47,dqn_seed123
11,dqn_500k_seed123,1240.0,,723,723,,1.7150760719225449,,1011,models/dqn_500k_seed123.zip,2026-06-07T13:03:50,dqn_seed123
12,dqn_500k_seed123,940.0,,798,798,,1.1779448621553883,,1012,models/dqn_500k_seed123.zip,2026-06-07T13:03:53,dqn_seed123
13,dqn_500k_seed123,850.0,,953,953,,0.8919202518363064,,1013,models/dqn_500k_seed123.zip,2026-06-07T13:03:57,dqn_seed123
14,dqn_500k_seed123,850.0,,956,956,,0.8891213389121339,,1014,models/dqn_500k_seed123.zip,2026-06-07T13:04:02,dqn_seed123
15,dqn_500k_seed123,940.0,,791,791,,1.1883691529709228,,1015,models/dqn_500k_seed123.zip,2026-06-07T13:04:05,dqn_seed123
16,dqn_500k_seed123,1240.0,,718,718,,1.7270194986072422,,1016,models/dqn_500k_seed123.zip,2026-06-07T13:04:08,dqn_seed123
17,dqn_500k_seed123,1240.0,,722,722,,1.7174515235457064,,1017,models/dqn_500k_seed123.zip,2026-06-07T13:04:11,dqn_seed123
18,dqn_500k_seed123,850.0,,955,955,,0.8900523560209425,,1018,models/dqn_500k_seed123.zip,2026-06-07T13:04:15,dqn_seed123
19,dqn_500k_seed123,940.0,,791,791,,1.1883691529709228,,1019,models/dqn_500k_seed123.zip,2026-06-07T13:04:19,dqn_seed123
20,dqn_500k_seed123,1390.0,,857,857,,1.6219369894982496,,1020,models/dqn_500k_seed123.zip,2026-06-07T13:04:23,dqn_seed123
21,dqn_500k_seed123,1240.0,,718,718,,1.7270194986072422,,1021,models/dqn_500k_seed123.zip,2026-06-07T13:04:26,dqn_seed123
22,dqn_500k_seed123,850.0,,956,956,,0.8891213389121339,,1022,models/dqn_500k_seed123.zip,2026-06-07T13:04:30,dqn_seed123
23,dqn_500k_seed123,850.0,,953,953,,0.8919202518363064,,1023,models/dqn_500k_seed123.zip,2026-06-07T13:04:34,dqn_seed123
24,dqn_500k_seed123,940.0,,792,792,,1.1868686868686869,,1024,models/dqn_500k_seed123.zip,2026-06-07T13:04:38,dqn_seed123
25,dqn_500k_seed123,1390.0,,860,860,,1.6162790697674418,,1025,models/dqn_500k_seed123.zip,2026-06-07T13:04:41,dqn_seed123
26,dqn_500k_seed123,1390.0,,858,858,,1.62004662004662,,1026,models/dqn_500k_seed123.zip,2026-06-07T13:04:45,dqn_seed123
27,dqn_500k_seed123,850.0,,955,955,,0.8900523560209425,,1027,models/dqn_500k_seed123.zip,2026-06-07T13:04:49,dqn_seed123
28,dqn_500k_seed123,940.0,,796,796,,1.1809045226130652,,1028,models/dqn_500k_seed123.zip,2026-06-07T13:04:53,dqn_seed123
29,dqn_500k_seed123,1390.0,,859,859,,1.6181606519208382,,1029,models/dqn_500k_seed123.zip,2026-06-07T13:04:57,dqn_seed123
30,dqn_500k_seed123,850.0,,953,953,,0.8919202518363064,,1030,models/dqn_500k_seed123.zip,2026-06-07T13:05:01,dqn_seed123
31,dqn_500k_seed123,850.0,,955,955,,0.8900523560209425,,1031,models/dqn_500k_seed123.zip,2026-06-07T13:05:05,dqn_seed123
32,dqn_500k_seed123,1390.0,,860,860,,1.6162790697674418,,1032,models/dqn_500k_seed123.zip,2026-06-07T13:05:09,dqn_seed123
33,dqn_500k_seed123,1240.0,,718,718,,1.7270194986072422,,1033,models/dqn_500k_seed123.zip,2026-06-07T13:05:12,dqn_seed123
34,dqn_500k_seed123,1390.0,,860,860,,1.6162790697674418,,1034,models/dqn_500k_seed123.zip,2026-06-07T13:05:15,dqn_seed123
35,dqn_500k_seed123,1240.0,,718,718,,1.7270194986072422,,1035,models/dqn_500k_seed123.zip,2026-06-07T13:05:19,dqn_seed123
36,dqn_500k_seed123,850.0,,953,953,,0.8919202518363064,,1036,models/dqn_500k_seed123.zip,2026-06-07T13:05:23,dqn_seed123
37,dqn_500k_seed123,850.0,,956,956,,0.8891213389121339,,1037,models/dqn_500k_seed123.zip,2026-06-07T13:05:27,dqn_seed123
38,dqn_500k_seed123,1390.0,,859,859,,1.6181606519208382,,1038,models/dqn_500k_seed123.zip,2026-06-07T13:05:31,dqn_seed123
39,dqn_500k_seed123,940.0,,793,793,,1.185372005044136,,1039,models/dqn_500k_seed123.zip,2026-06-07T13:05:34,dqn_seed123
40,dqn_500k_seed123,1240.0,,724,724,,1.712707182320442,,1040,models/dqn_500k_seed123.zip,2026-06-07T13:05:37,dqn_seed123
41,dqn_500k_seed123,940.0,,796,796,,1.1809045226130652,,1041,models/dqn_500k_seed123.zip,2026-06-07T13:05:41,dqn_seed123
42,dqn_500k_seed123,940.0,,797,797,,1.179422835633626,,1042,models/dqn_500k_seed123.zip,2026-06-07T13:05:44,dqn_seed123
43,dqn_500k_seed123,1390.0,,862,862,,1.6125290023201857,,1043,models/dqn_500k_seed123.zip,2026-06-07T13:05:48,dqn_seed123
44,dqn_500k_seed123,1390.0,,857,857,,1.6219369894982496,,1044,models/dqn_500k_seed123.zip,2026-06-07T13:05:52,dqn_seed123
45,dqn_500k_seed123,940.0,,791,791,,1.1883691529709228,,1045,models/dqn_500k_seed123.zip,2026-06-07T13:05:55,dqn_seed123
46,dqn_500k_seed123,1390.0,,858,858,,1.62004662004662,,1046,models/dqn_500k_seed123.zip,2026-06-07T13:05:59,dqn_seed123
47,dqn_500k_seed123,1390.0,,863,863,,1.6106604866743917,,1047,models/dqn_500k_seed123.zip,2026-06-07T13:06:03,dqn_seed123
48,dqn_500k_seed123,1390.0,,862,862,,1.6125290023201857,,1048,models/dqn_500k_seed123.zip,2026-06-07T13:06:06,dqn_seed123
49,dqn_500k_seed123,1390.0,,863,863,,1.6106604866743917,,1049,models/dqn_500k_seed123.zip,2026-06-07T13:06:10,dqn_seed123
0,dqn_reward_500k_alpha0p001_seed123,510.0,,488,488,,1.0450819672131149,,1000,models/dqn_reward_500k_alpha0p001_seed123.zip,2026-06-07T13:17:18,alpha0p001_beta1_seed123
1,dqn_reward_500k_alpha0p001_seed123,1420.0,,661,661,,2.1482602118003027,,1001,models/dqn_reward_500k_alpha0p001_seed123.zip,2026-06-07T13:17:20,alpha0p001_beta1_seed123
2,dqn_reward_500k_alpha0p001_seed123,1420.0,,665,665,,2.1353383458646618,,1002,models/dqn_reward_500k_alpha0p001_seed123.zip,2026-06-07T13:17:22,alpha0p001_beta1_seed123
3,dqn_reward_500k_alpha0p001_seed123,1420.0,,668,668,,2.125748502994012,,1003,models/dqn_reward_500k_alpha0p001_seed123.zip,2026-06-07T13:17:25,alpha0p001_beta1_seed123
4,dqn_reward_500k_alpha0p001_seed123,1420.0,,666,666,,2.1321321321321323,,1004,models/dqn_reward_500k_alpha0p001_seed123.zip,2026-06-07T13:17:28,alpha0p001_beta1_seed123
5,dqn_reward_500k_alpha0p001_seed123,570.0,,485,485,,1.175257731958763,,1005,models/dqn_reward_500k_alpha0p001_seed123.zip,2026-06-07T13:17:30,alpha0p001_beta1_seed123
6,dqn_reward_500k_alpha0p001_seed123,1000.0,,815,815,,1.2269938650306749,,1006,models/dqn_reward_500k_alpha0p001_seed123.zip,2026-06-07T13:17:33,alpha0p001_beta1_seed123
7,dqn_reward_500k_alpha0p001_seed123,570.0,,485,485,,1.175257731958763,,1007,models/dqn_reward_500k_alpha0p001_seed123.zip,2026-06-07T13:17:36,alpha0p001_beta1_seed123
8,dqn_reward_500k_alpha0p001_seed123,1000.0,,812,812,,1.2315270935960592,,1008,models/dqn_reward_500k_alpha0p001_seed123.zip,2026-06-07T13:17:39,alpha0p001_beta1_seed123
9,dqn_reward_500k_alpha0p001_seed123,510.0,,494,494,,1.0323886639676114,,1009,models/dqn_reward_500k_alpha0p001_seed123.zip,2026-06-07T13:17:41,alpha0p001_beta1_seed123
10,dqn_reward_500k_alpha0p001_seed123,1000.0,,810,810,,1.2345679012345678,,1010,models/dqn_reward_500k_alpha0p001_seed123.zip,2026-06-07T13:17:45,alpha0p001_beta1_seed123
11,dqn_reward_500k_alpha0p001_seed123,570.0,,487,487,,1.1704312114989732,,1011,models/dqn_reward_500k_alpha0p001_seed123.zip,2026-06-07T13:17:47,alpha0p001_beta1_seed123
12,dqn_reward_500k_alpha0p001_seed123,1420.0,,668,668,,2.125748502994012,,1012,models/dqn_reward_500k_alpha0p001_seed123.zip,2026-06-07T13:17:50,alpha0p001_beta1_seed123
13,dqn_reward_500k_alpha0p001_seed123,1000.0,,811,811,,1.2330456226880395,,1013,models/dqn_reward_500k_alpha0p001_seed123.zip,2026-06-07T13:17:54,alpha0p001_beta1_seed123
14,dqn_reward_500k_alpha0p001_seed123,1000.0,,814,814,,1.2285012285012284,,1014,models/dqn_reward_500k_alpha0p001_seed123.zip,2026-06-07T13:17:57,alpha0p001_beta1_seed123
15,dqn_reward_500k_alpha0p001_seed123,1420.0,,661,661,,2.1482602118003027,,1015,models/dqn_reward_500k_alpha0p001_seed123.zip,2026-06-07T13:18:00,alpha0p001_beta1_seed123
16,dqn_reward_500k_alpha0p001_seed123,570.0,,482,482,,1.1825726141078838,,1016,models/dqn_reward_500k_alpha0p001_seed123.zip,2026-06-07T13:18:02,alpha0p001_beta1_seed123
17,dqn_reward_500k_alpha0p001_seed123,570.0,,486,486,,1.1728395061728396,,1017,models/dqn_reward_500k_alpha0p001_seed123.zip,2026-06-07T13:18:05,alpha0p001_beta1_seed123
18,dqn_reward_500k_alpha0p001_seed123,1000.0,,813,813,,1.2300123001230012,,1018,models/dqn_reward_500k_alpha0p001_seed123.zip,2026-06-07T13:18:08,alpha0p001_beta1_seed123
19,dqn_reward_500k_alpha0p001_seed123,1420.0,,661,661,,2.1482602118003027,,1019,models/dqn_reward_500k_alpha0p001_seed123.zip,2026-06-07T13:18:11,alpha0p001_beta1_seed123
20,dqn_reward_500k_alpha0p001_seed123,510.0,,487,487,,1.0472279260780288,,1020,models/dqn_reward_500k_alpha0p001_seed123.zip,2026-06-07T13:18:13,alpha0p001_beta1_seed123
21,dqn_reward_500k_alpha0p001_seed123,570.0,,482,482,,1.1825726141078838,,1021,models/dqn_reward_500k_alpha0p001_seed123.zip,2026-06-07T13:18:16,alpha0p001_beta1_seed123
22,dqn_reward_500k_alpha0p001_seed123,1000.0,,814,814,,1.2285012285012284,,1022,models/dqn_reward_500k_alpha0p001_seed123.zip,2026-06-07T13:18:19,alpha0p001_beta1_seed123
23,dqn_reward_500k_alpha0p001_seed123,1000.0,,811,811,,1.2330456226880395,,1023,models/dqn_reward_500k_alpha0p001_seed123.zip,2026-06-07T13:18:23,alpha0p001_beta1_seed123
24,dqn_reward_500k_alpha0p001_seed123,1420.0,,662,662,,2.1450151057401814,,1024,models/dqn_reward_500k_alpha0p001_seed123.zip,2026-06-07T13:18:26,alpha0p001_beta1_seed123
25,dqn_reward_500k_alpha0p001_seed123,510.0,,490,490,,1.0408163265306123,,1025,models/dqn_reward_500k_alpha0p001_seed123.zip,2026-06-07T13:18:28,alpha0p001_beta1_seed123
26,dqn_reward_500k_alpha0p001_seed123,510.0,,488,488,,1.0450819672131149,,1026,models/dqn_reward_500k_alpha0p001_seed123.zip,2026-06-07T13:18:30,alpha0p001_beta1_seed123
27,dqn_reward_500k_alpha0p001_seed123,1000.0,,813,813,,1.2300123001230012,,1027,models/dqn_reward_500k_alpha0p001_seed123.zip,2026-06-07T13:18:34,alpha0p001_beta1_seed123
28,dqn_reward_500k_alpha0p001_seed123,1420.0,,666,666,,2.1321321321321323,,1028,models/dqn_reward_500k_alpha0p001_seed123.zip,2026-06-07T13:18:37,alpha0p001_beta1_seed123
29,dqn_reward_500k_alpha0p001_seed123,510.0,,489,489,,1.0429447852760736,,1029,models/dqn_reward_500k_alpha0p001_seed123.zip,2026-06-07T13:18:39,alpha0p001_beta1_seed123
30,dqn_reward_500k_alpha0p001_seed123,1000.0,,811,811,,1.2330456226880395,,1030,models/dqn_reward_500k_alpha0p001_seed123.zip,2026-06-07T13:18:42,alpha0p001_beta1_seed123
31,dqn_reward_500k_alpha0p001_seed123,1000.0,,813,813,,1.2300123001230012,,1031,models/dqn_reward_500k_alpha0p001_seed123.zip,2026-06-07T13:18:46,alpha0p001_beta1_seed123
32,dqn_reward_500k_alpha0p001_seed123,510.0,,490,490,,1.0408163265306123,,1032,models/dqn_reward_500k_alpha0p001_seed123.zip,2026-06-07T13:18:48,alpha0p001_beta1_seed123
33,dqn_reward_500k_alpha0p001_seed123,570.0,,482,482,,1.1825726141078838,,1033,models/dqn_reward_500k_alpha0p001_seed123.zip,2026-06-07T13:18:50,alpha0p001_beta1_seed123
34,dqn_reward_500k_alpha0p001_seed123,510.0,,490,490,,1.0408163265306123,,1034,models/dqn_reward_500k_alpha0p001_seed123.zip,2026-06-07T13:18:53,alpha0p001_beta1_seed123
35,dqn_reward_500k_alpha0p001_seed123,570.0,,482,482,,1.1825726141078838,,1035,models/dqn_reward_500k_alpha0p001_seed123.zip,2026-06-07T13:18:55,alpha0p001_beta1_seed123
36,dqn_reward_500k_alpha0p001_seed123,1000.0,,811,811,,1.2330456226880395,,1036,models/dqn_reward_500k_alpha0p001_seed123.zip,2026-06-07T13:18:58,alpha0p001_beta1_seed123
37,dqn_reward_500k_alpha0p001_seed123,1000.0,,814,814,,1.2285012285012284,,1037,models/dqn_reward_500k_alpha0p001_seed123.zip,2026-06-07T13:19:02,alpha0p001_beta1_seed123
38,dqn_reward_500k_alpha0p001_seed123,510.0,,489,489,,1.0429447852760736,,1038,models/dqn_reward_500k_alpha0p001_seed123.zip,2026-06-07T13:19:04,alpha0p001_beta1_seed123
39,dqn_reward_500k_alpha0p001_seed123,1420.0,,663,663,,2.1417797888386123,,1039,models/dqn_reward_500k_alpha0p001_seed123.zip,2026-06-07T13:19:07,alpha0p001_beta1_seed123
40,dqn_reward_500k_alpha0p001_seed123,570.0,,488,488,,1.1680327868852458,,1040,models/dqn_reward_500k_alpha0p001_seed123.zip,2026-06-07T13:19:09,alpha0p001_beta1_seed123
41,dqn_reward_500k_alpha0p001_seed123,1420.0,,666,666,,2.1321321321321323,,1041,models/dqn_reward_500k_alpha0p001_seed123.zip,2026-06-07T13:19:12,alpha0p001_beta1_seed123
42,dqn_reward_500k_alpha0p001_seed123,1420.0,,667,667,,2.128935532233883,,1042,models/dqn_reward_500k_alpha0p001_seed123.zip,2026-06-07T13:19:15,alpha0p001_beta1_seed123
43,dqn_reward_500k_alpha0p001_seed123,510.0,,492,492,,1.0365853658536586,,1043,models/dqn_reward_500k_alpha0p001_seed123.zip,2026-06-07T13:19:17,alpha0p001_beta1_seed123
44,dqn_reward_500k_alpha0p001_seed123,510.0,,487,487,,1.0472279260780288,,1044,models/dqn_reward_500k_alpha0p001_seed123.zip,2026-06-07T13:19:20,alpha0p001_beta1_seed123
45,dqn_reward_500k_alpha0p001_seed123,1420.0,,661,661,,2.1482602118003027,,1045,models/dqn_reward_500k_alpha0p001_seed123.zip,2026-06-07T13:19:22,alpha0p001_beta1_seed123
46,dqn_reward_500k_alpha0p001_seed123,510.0,,488,488,,1.0450819672131149,,1046,models/dqn_reward_500k_alpha0p001_seed123.zip,2026-06-07T13:19:25,alpha0p001_beta1_seed123
47,dqn_reward_500k_alpha0p001_seed123,510.0,,493,493,,1.0344827586206895,,1047,models/dqn_reward_500k_alpha0p001_seed123.zip,2026-06-07T13:19:27,alpha0p001_beta1_seed123
48,dqn_reward_500k_alpha0p001_seed123,510.0,,492,492,,1.0365853658536586,,1048,models/dqn_reward_500k_alpha0p001_seed123.zip,2026-06-07T13:19:29,alpha0p001_beta1_seed123
49,dqn_reward_500k_alpha0p001_seed123,510.0,,493,493,,1.0344827586206895,,1049,models/dqn_reward_500k_alpha0p001_seed123.zip,2026-06-07T13:19:31,alpha0p001_beta1_seed123
0,dqn_reward_500k_alpha0p01_seed123,330.0,,310,310,,1.064516129032258,,1000,models/dqn_reward_500k_alpha0p01_seed123.zip,2026-06-07T16:31:14,alpha0p01_beta1_seed123
1,dqn_reward_500k_alpha0p01_seed123,440.0,,369,369,,1.1924119241192412,,1001,models/dqn_reward_500k_alpha0p01_seed123.zip,2026-06-07T16:31:15,alpha0p01_beta1_seed123
2,dqn_reward_500k_alpha0p01_seed123,440.0,,373,373,,1.1796246648793565,,1002,models/dqn_reward_500k_alpha0p01_seed123.zip,2026-06-07T16:31:16,alpha0p01_beta1_seed123
3,dqn_reward_500k_alpha0p01_seed123,440.0,,376,376,,1.1702127659574468,,1003,models/dqn_reward_500k_alpha0p01_seed123.zip,2026-06-07T16:31:18,alpha0p01_beta1_seed123
4,dqn_reward_500k_alpha0p01_seed123,440.0,,374,374,,1.1764705882352942,,1004,models/dqn_reward_500k_alpha0p01_seed123.zip,2026-06-07T16:31:19,alpha0p01_beta1_seed123
5,dqn_reward_500k_alpha0p01_seed123,890.0,,695,695,,1.2805755395683454,,1005,models/dqn_reward_500k_alpha0p01_seed123.zip,2026-06-07T16:31:21,alpha0p01_beta1_seed123
6,dqn_reward_500k_alpha0p01_seed123,540.0,,449,449,,1.2026726057906458,,1006,models/dqn_reward_500k_alpha0p01_seed123.zip,2026-06-07T16:31:23,alpha0p01_beta1_seed123
7,dqn_reward_500k_alpha0p01_seed123,890.0,,695,695,,1.2805755395683454,,1007,models/dqn_reward_500k_alpha0p01_seed123.zip,2026-06-07T16:31:25,alpha0p01_beta1_seed123
8,dqn_reward_500k_alpha0p01_seed123,540.0,,446,446,,1.210762331838565,,1008,models/dqn_reward_500k_alpha0p01_seed123.zip,2026-06-07T16:31:27,alpha0p01_beta1_seed123
9,dqn_reward_500k_alpha0p01_seed123,330.0,,316,316,,1.0443037974683544,,1009,models/dqn_reward_500k_alpha0p01_seed123.zip,2026-06-07T16:31:28,alpha0p01_beta1_seed123
10,dqn_reward_500k_alpha0p01_seed123,540.0,,444,444,,1.2162162162162162,,1010,models/dqn_reward_500k_alpha0p01_seed123.zip,2026-06-07T16:31:30,alpha0p01_beta1_seed123
11,dqn_reward_500k_alpha0p01_seed123,890.0,,697,697,,1.2769010043041606,,1011,models/dqn_reward_500k_alpha0p01_seed123.zip,2026-06-07T16:31:32,alpha0p01_beta1_seed123
12,dqn_reward_500k_alpha0p01_seed123,440.0,,376,376,,1.1702127659574468,,1012,models/dqn_reward_500k_alpha0p01_seed123.zip,2026-06-07T16:31:34,alpha0p01_beta1_seed123
13,dqn_reward_500k_alpha0p01_seed123,540.0,,445,445,,1.2134831460674158,,1013,models/dqn_reward_500k_alpha0p01_seed123.zip,2026-06-07T16:31:35,alpha0p01_beta1_seed123
14,dqn_reward_500k_alpha0p01_seed123,540.0,,448,448,,1.2053571428571428,,1014,models/dqn_reward_500k_alpha0p01_seed123.zip,2026-06-07T16:31:37,alpha0p01_beta1_seed123
15,dqn_reward_500k_alpha0p01_seed123,440.0,,369,369,,1.1924119241192412,,1015,models/dqn_reward_500k_alpha0p01_seed123.zip,2026-06-07T16:31:38,alpha0p01_beta1_seed123
16,dqn_reward_500k_alpha0p01_seed123,890.0,,692,692,,1.286127167630058,,1016,models/dqn_reward_500k_alpha0p01_seed123.zip,2026-06-07T16:31:41,alpha0p01_beta1_seed123
17,dqn_reward_500k_alpha0p01_seed123,890.0,,696,696,,1.278735632183908,,1017,models/dqn_reward_500k_alpha0p01_seed123.zip,2026-06-07T16:31:43,alpha0p01_beta1_seed123
18,dqn_reward_500k_alpha0p01_seed123,540.0,,447,447,,1.2080536912751678,,1018,models/dqn_reward_500k_alpha0p01_seed123.zip,2026-06-07T16:31:45,alpha0p01_beta1_seed123
19,dqn_reward_500k_alpha0p01_seed123,440.0,,369,369,,1.1924119241192412,,1019,models/dqn_reward_500k_alpha0p01_seed123.zip,2026-06-07T16:31:46,alpha0p01_beta1_seed123
20,dqn_reward_500k_alpha0p01_seed123,330.0,,309,309,,1.0679611650485437,,1020,models/dqn_reward_500k_alpha0p01_seed123.zip,2026-06-07T16:31:47,alpha0p01_beta1_seed123
21,dqn_reward_500k_alpha0p01_seed123,890.0,,692,692,,1.286127167630058,,1021,models/dqn_reward_500k_alpha0p01_seed123.zip,2026-06-07T16:31:50,alpha0p01_beta1_seed123
22,dqn_reward_500k_alpha0p01_seed123,540.0,,448,448,,1.2053571428571428,,1022,models/dqn_reward_500k_alpha0p01_seed123.zip,2026-06-07T16:31:51,alpha0p01_beta1_seed123
23,dqn_reward_500k_alpha0p01_seed123,540.0,,445,445,,1.2134831460674158,,1023,models/dqn_reward_500k_alpha0p01_seed123.zip,2026-06-07T16:31:53,alpha0p01_beta1_seed123
24,dqn_reward_500k_alpha0p01_seed123,440.0,,370,370,,1.1891891891891893,,1024,models/dqn_reward_500k_alpha0p01_seed123.zip,2026-06-07T16:31:54,alpha0p01_beta1_seed123
25,dqn_reward_500k_alpha0p01_seed123,330.0,,312,312,,1.0576923076923077,,1025,models/dqn_reward_500k_alpha0p01_seed123.zip,2026-06-07T16:31:55,alpha0p01_beta1_seed123
26,dqn_reward_500k_alpha0p01_seed123,330.0,,310,310,,1.064516129032258,,1026,models/dqn_reward_500k_alpha0p01_seed123.zip,2026-06-07T16:31:57,alpha0p01_beta1_seed123
27,dqn_reward_500k_alpha0p01_seed123,540.0,,447,447,,1.2080536912751678,,1027,models/dqn_reward_500k_alpha0p01_seed123.zip,2026-06-07T16:31:58,alpha0p01_beta1_seed123
28,dqn_reward_500k_alpha0p01_seed123,440.0,,374,374,,1.1764705882352942,,1028,models/dqn_reward_500k_alpha0p01_seed123.zip,2026-06-07T16:32:00,alpha0p01_beta1_seed123
29,dqn_reward_500k_alpha0p01_seed123,330.0,,311,311,,1.0610932475884245,,1029,models/dqn_reward_500k_alpha0p01_seed123.zip,2026-06-07T16:32:01,alpha0p01_beta1_seed123
30,dqn_reward_500k_alpha0p01_seed123,540.0,,445,445,,1.2134831460674158,,1030,models/dqn_reward_500k_alpha0p01_seed123.zip,2026-06-07T16:32:02,alpha0p01_beta1_seed123
31,dqn_reward_500k_alpha0p01_seed123,540.0,,447,447,,1.2080536912751678,,1031,models/dqn_reward_500k_alpha0p01_seed123.zip,2026-06-07T16:32:04,alpha0p01_beta1_seed123
32,dqn_reward_500k_alpha0p01_seed123,330.0,,312,312,,1.0576923076923077,,1032,models/dqn_reward_500k_alpha0p01_seed123.zip,2026-06-07T16:32:05,alpha0p01_beta1_seed123
33,dqn_reward_500k_alpha0p01_seed123,890.0,,692,692,,1.286127167630058,,1033,models/dqn_reward_500k_alpha0p01_seed123.zip,2026-06-07T16:32:08,alpha0p01_beta1_seed123
34,dqn_reward_500k_alpha0p01_seed123,330.0,,312,312,,1.0576923076923077,,1034,models/dqn_reward_500k_alpha0p01_seed123.zip,2026-06-07T16:32:09,alpha0p01_beta1_seed123
35,dqn_reward_500k_alpha0p01_seed123,890.0,,692,692,,1.286127167630058,,1035,models/dqn_reward_500k_alpha0p01_seed123.zip,2026-06-07T16:32:11,alpha0p01_beta1_seed123
36,dqn_reward_500k_alpha0p01_seed123,540.0,,445,445,,1.2134831460674158,,1036,models/dqn_reward_500k_alpha0p01_seed123.zip,2026-06-07T16:32:13,alpha0p01_beta1_seed123
37,dqn_reward_500k_alpha0p01_seed123,540.0,,448,448,,1.2053571428571428,,1037,models/dqn_reward_500k_alpha0p01_seed123.zip,2026-06-07T16:32:14,alpha0p01_beta1_seed123
38,dqn_reward_500k_alpha0p01_seed123,330.0,,311,311,,1.0610932475884245,,1038,models/dqn_reward_500k_alpha0p01_seed123.zip,2026-06-07T16:32:15,alpha0p01_beta1_seed123
39,dqn_reward_500k_alpha0p01_seed123,440.0,,371,371,,1.1859838274932617,,1039,models/dqn_reward_500k_alpha0p01_seed123.zip,2026-06-07T16:32:17,alpha0p01_beta1_seed123
40,dqn_reward_500k_alpha0p01_seed123,890.0,,698,698,,1.2750716332378222,,1040,models/dqn_reward_500k_alpha0p01_seed123.zip,2026-06-07T16:32:20,alpha0p01_beta1_seed123
41,dqn_reward_500k_alpha0p01_seed123,440.0,,374,374,,1.1764705882352942,,1041,models/dqn_reward_500k_alpha0p01_seed123.zip,2026-06-07T16:32:22,alpha0p01_beta1_seed123
42,dqn_reward_500k_alpha0p01_seed123,440.0,,375,375,,1.1733333333333331,,1042,models/dqn_reward_500k_alpha0p01_seed123.zip,2026-06-07T16:32:25,alpha0p01_beta1_seed123
43,dqn_reward_500k_alpha0p01_seed123,330.0,,314,314,,1.0509554140127388,,1043,models/dqn_reward_500k_alpha0p01_seed123.zip,2026-06-07T16:32:26,alpha0p01_beta1_seed123
44,dqn_reward_500k_alpha0p01_seed123,330.0,,309,309,,1.0679611650485437,,1044,models/dqn_reward_500k_alpha0p01_seed123.zip,2026-06-07T16:32:28,alpha0p01_beta1_seed123
45,dqn_reward_500k_alpha0p01_seed123,440.0,,369,369,,1.1924119241192412,,1045,models/dqn_reward_500k_alpha0p01_seed123.zip,2026-06-07T16:32:30,alpha0p01_beta1_seed123
46,dqn_reward_500k_alpha0p01_seed123,330.0,,310,310,,1.064516129032258,,1046,models/dqn_reward_500k_alpha0p01_seed123.zip,2026-06-07T16:32:31,alpha0p01_beta1_seed123
47,dqn_reward_500k_alpha0p01_seed123,330.0,,315,315,,1.0476190476190477,,1047,models/dqn_reward_500k_alpha0p01_seed123.zip,2026-06-07T16:32:33,alpha0p01_beta1_seed123
48,dqn_reward_500k_alpha0p01_seed123,330.0,,314,314,,1.0509554140127388,,1048,models/dqn_reward_500k_alpha0p01_seed123.zip,2026-06-07T16:32:35,alpha0p01_beta1_seed123
49,dqn_reward_500k_alpha0p01_seed123,330.0,,315,315,,1.0476190476190477,,1049,models/dqn_reward_500k_alpha0p01_seed123.zip,2026-06-07T16:32:37,alpha0p01_beta1_seed123
0,dqn_reward_500k_alpha0p0001_beta1_seed123,690.0,,482,482,,1.4315352697095436,,1000,models\dqn_reward_500k_alpha0p0001_beta1_seed123.zip,2026-06-07T20:00:29,alpha0p0001_beta1_seed123
1,dqn_reward_500k_alpha0p0001_beta1_seed123,900.0,,897,897,,1.0033444816053512,,1001,models\dqn_reward_500k_alpha0p0001_beta1_seed123.zip,2026-06-07T20:00:32,alpha0p0001_beta1_seed123
2,dqn_reward_500k_alpha0p0001_beta1_seed123,900.0,,901,901,,0.9988901220865704,,1002,models\dqn_reward_500k_alpha0p0001_beta1_seed123.zip,2026-06-07T20:00:35,alpha0p0001_beta1_seed123
3,dqn_reward_500k_alpha0p0001_beta1_seed123,900.0,,904,904,,0.995575221238938,,1003,models\dqn_reward_500k_alpha0p0001_beta1_seed123.zip,2026-06-07T20:00:39,alpha0p0001_beta1_seed123
4,dqn_reward_500k_alpha0p0001_beta1_seed123,900.0,,902,902,,0.9977827050997784,,1004,models\dqn_reward_500k_alpha0p0001_beta1_seed123.zip,2026-06-07T20:00:42,alpha0p0001_beta1_seed123
5,dqn_reward_500k_alpha0p0001_beta1_seed123,680.0,,651,651,,1.044546850998464,,1005,models\dqn_reward_500k_alpha0p0001_beta1_seed123.zip,2026-06-07T20:00:45,alpha0p0001_beta1_seed123
6,dqn_reward_500k_alpha0p0001_beta1_seed123,710.0,,491,491,,1.4460285132382893,,1006,models\dqn_reward_500k_alpha0p0001_beta1_seed123.zip,2026-06-07T20:00:47,alpha0p0001_beta1_seed123
7,dqn_reward_500k_alpha0p0001_beta1_seed123,680.0,,651,651,,1.044546850998464,,1007,models\dqn_reward_500k_alpha0p0001_beta1_seed123.zip,2026-06-07T20:00:50,alpha0p0001_beta1_seed123
8,dqn_reward_500k_alpha0p0001_beta1_seed123,710.0,,488,488,,1.4549180327868851,,1008,models\dqn_reward_500k_alpha0p0001_beta1_seed123.zip,2026-06-07T20:00:52,alpha0p0001_beta1_seed123
9,dqn_reward_500k_alpha0p0001_beta1_seed123,690.0,,488,488,,1.4139344262295082,,1009,models\dqn_reward_500k_alpha0p0001_beta1_seed123.zip,2026-06-07T20:00:54,alpha0p0001_beta1_seed123
10,dqn_reward_500k_alpha0p0001_beta1_seed123,710.0,,486,486,,1.4609053497942386,,1010,models\dqn_reward_500k_alpha0p0001_beta1_seed123.zip,2026-06-07T20:00:56,alpha0p0001_beta1_seed123
11,dqn_reward_500k_alpha0p0001_beta1_seed123,680.0,,653,653,,1.0413476263399697,,1011,models\dqn_reward_500k_alpha0p0001_beta1_seed123.zip,2026-06-07T20:00:59,alpha0p0001_beta1_seed123
12,dqn_reward_500k_alpha0p0001_beta1_seed123,900.0,,904,904,,0.995575221238938,,1012,models\dqn_reward_500k_alpha0p0001_beta1_seed123.zip,2026-06-07T20:01:03,alpha0p0001_beta1_seed123
13,dqn_reward_500k_alpha0p0001_beta1_seed123,710.0,,487,487,,1.457905544147844,,1013,models\dqn_reward_500k_alpha0p0001_beta1_seed123.zip,2026-06-07T20:01:05,alpha0p0001_beta1_seed123
14,dqn_reward_500k_alpha0p0001_beta1_seed123,710.0,,490,490,,1.4489795918367347,,1014,models\dqn_reward_500k_alpha0p0001_beta1_seed123.zip,2026-06-07T20:01:07,alpha0p0001_beta1_seed123
15,dqn_reward_500k_alpha0p0001_beta1_seed123,900.0,,897,897,,1.0033444816053512,,1015,models\dqn_reward_500k_alpha0p0001_beta1_seed123.zip,2026-06-07T20:01:11,alpha0p0001_beta1_seed123
16,dqn_reward_500k_alpha0p0001_beta1_seed123,680.0,,648,648,,1.0493827160493827,,1016,models\dqn_reward_500k_alpha0p0001_beta1_seed123.zip,2026-06-07T20:01:14,alpha0p0001_beta1_seed123
17,dqn_reward_500k_alpha0p0001_beta1_seed123,680.0,,652,652,,1.0429447852760736,,1017,models\dqn_reward_500k_alpha0p0001_beta1_seed123.zip,2026-06-07T20:01:16,alpha0p0001_beta1_seed123
18,dqn_reward_500k_alpha0p0001_beta1_seed123,710.0,,489,489,,1.4519427402862983,,1018,models\dqn_reward_500k_alpha0p0001_beta1_seed123.zip,2026-06-07T20:01:19,alpha0p0001_beta1_seed123
19,dqn_reward_500k_alpha0p0001_beta1_seed123,900.0,,897,897,,1.0033444816053512,,1019,models\dqn_reward_500k_alpha0p0001_beta1_seed123.zip,2026-06-07T20:01:23,alpha0p0001_beta1_seed123
20,dqn_reward_500k_alpha0p0001_beta1_seed123,690.0,,481,481,,1.4345114345114345,,1020,models\dqn_reward_500k_alpha0p0001_beta1_seed123.zip,2026-06-07T20:01:25,alpha0p0001_beta1_seed123
21,dqn_reward_500k_alpha0p0001_beta1_seed123,680.0,,648,648,,1.0493827160493827,,1021,models\dqn_reward_500k_alpha0p0001_beta1_seed123.zip,2026-06-07T20:01:28,alpha0p0001_beta1_seed123
22,dqn_reward_500k_alpha0p0001_beta1_seed123,710.0,,490,490,,1.4489795918367347,,1022,models\dqn_reward_500k_alpha0p0001_beta1_seed123.zip,2026-06-07T20:01:30,alpha0p0001_beta1_seed123
23,dqn_reward_500k_alpha0p0001_beta1_seed123,710.0,,487,487,,1.457905544147844,,1023,models\dqn_reward_500k_alpha0p0001_beta1_seed123.zip,2026-06-07T20:01:32,alpha0p0001_beta1_seed123
24,dqn_reward_500k_alpha0p0001_beta1_seed123,900.0,,898,898,,1.0022271714922049,,1024,models\dqn_reward_500k_alpha0p0001_beta1_seed123.zip,2026-06-07T20:01:35,alpha0p0001_beta1_seed123
25,dqn_reward_500k_alpha0p0001_beta1_seed123,690.0,,484,484,,1.4256198347107438,,1025,models\dqn_reward_500k_alpha0p0001_beta1_seed123.zip,2026-06-07T20:01:38,alpha0p0001_beta1_seed123
26,dqn_reward_500k_alpha0p0001_beta1_seed123,690.0,,482,482,,1.4315352697095436,,1026,models\dqn_reward_500k_alpha0p0001_beta1_seed123.zip,2026-06-07T20:01:40,alpha0p0001_beta1_seed123
27,dqn_reward_500k_alpha0p0001_beta1_seed123,710.0,,489,489,,1.4519427402862983,,1027,models\dqn_reward_500k_alpha0p0001_beta1_seed123.zip,2026-06-07T20:01:42,alpha0p0001_beta1_seed123
28,dqn_reward_500k_alpha0p0001_beta1_seed123,900.0,,902,902,,0.9977827050997784,,1028,models\dqn_reward_500k_alpha0p0001_beta1_seed123.zip,2026-06-07T20:01:46,alpha0p0001_beta1_seed123
29,dqn_reward_500k_alpha0p0001_beta1_seed123,690.0,,483,483,,1.4285714285714286,,1029,models\dqn_reward_500k_alpha0p0001_beta1_seed123.zip,2026-06-07T20:01:48,alpha0p0001_beta1_seed123
30,dqn_reward_500k_alpha0p0001_beta1_seed123,710.0,,487,487,,1.457905544147844,,1030,models\dqn_reward_500k_alpha0p0001_beta1_seed123.zip,2026-06-07T20:01:50,alpha0p0001_beta1_seed123
31,dqn_reward_500k_alpha0p0001_beta1_seed123,710.0,,489,489,,1.4519427402862983,,1031,models\dqn_reward_500k_alpha0p0001_beta1_seed123.zip,2026-06-07T20:01:52,alpha0p0001_beta1_seed123
32,dqn_reward_500k_alpha0p0001_beta1_seed123,690.0,,484,484,,1.4256198347107438,,1032,models\dqn_reward_500k_alpha0p0001_beta1_seed123.zip,2026-06-07T20:01:54,alpha0p0001_beta1_seed123
33,dqn_reward_500k_alpha0p0001_beta1_seed123,680.0,,648,648,,1.0493827160493827,,1033,models\dqn_reward_500k_alpha0p0001_beta1_seed123.zip,2026-06-07T20:01:57,alpha0p0001_beta1_seed123
34,dqn_reward_500k_alpha0p0001_beta1_seed123,690.0,,484,484,,1.4256198347107438,,1034,models\dqn_reward_500k_alpha0p0001_beta1_seed123.zip,2026-06-07T20:01:59,alpha0p0001_beta1_seed123
35,dqn_reward_500k_alpha0p0001_beta1_seed123,680.0,,648,648,,1.0493827160493827,,1035,models\dqn_reward_500k_alpha0p0001_beta1_seed123.zip,2026-06-07T20:02:02,alpha0p0001_beta1_seed123
36,dqn_reward_500k_alpha0p0001_beta1_seed123,710.0,,487,487,,1.457905544147844,,1036,models\dqn_reward_500k_alpha0p0001_beta1_seed123.zip,2026-06-07T20:02:04,alpha0p0001_beta1_seed123
37,dqn_reward_500k_alpha0p0001_beta1_seed123,710.0,,490,490,,1.4489795918367347,,1037,models\dqn_reward_500k_alpha0p0001_beta1_seed123.zip,2026-06-07T20:02:06,alpha0p0001_beta1_seed123
38,dqn_reward_500k_alpha0p0001_beta1_seed123,690.0,,483,483,,1.4285714285714286,,1038,models\dqn_reward_500k_alpha0p0001_beta1_seed123.zip,2026-06-07T20:02:09,alpha0p0001_beta1_seed123
39,dqn_reward_500k_alpha0p0001_beta1_seed123,900.0,,899,899,,1.0011123470522802,,1039,models\dqn_reward_500k_alpha0p0001_beta1_seed123.zip,2026-06-07T20:02:13,alpha0p0001_beta1_seed123
40,dqn_reward_500k_alpha0p0001_beta1_seed123,680.0,,654,654,,1.039755351681957,,1040,models\dqn_reward_500k_alpha0p0001_beta1_seed123.zip,2026-06-07T20:02:15,alpha0p0001_beta1_seed123
41,dqn_reward_500k_alpha0p0001_beta1_seed123,900.0,,902,902,,0.9977827050997784,,1041,models\dqn_reward_500k_alpha0p0001_beta1_seed123.zip,2026-06-07T20:02:19,alpha0p0001_beta1_seed123
42,dqn_reward_500k_alpha0p0001_beta1_seed123,900.0,,903,903,,0.9966777408637874,,1042,models\dqn_reward_500k_alpha0p0001_beta1_seed123.zip,2026-06-07T20:02:23,alpha0p0001_beta1_seed123
43,dqn_reward_500k_alpha0p0001_beta1_seed123,690.0,,486,486,,1.4197530864197532,,1043,models\dqn_reward_500k_alpha0p0001_beta1_seed123.zip,2026-06-07T20:02:25,alpha0p0001_beta1_seed123
44,dqn_reward_500k_alpha0p0001_beta1_seed123,690.0,,481,481,,1.4345114345114345,,1044,models\dqn_reward_500k_alpha0p0001_beta1_seed123.zip,2026-06-07T20:02:27,alpha0p0001_beta1_seed123
45,dqn_reward_500k_alpha0p0001_beta1_seed123,900.0,,897,897,,1.0033444816053512,,1045,models\dqn_reward_500k_alpha0p0001_beta1_seed123.zip,2026-06-07T20:02:31,alpha0p0001_beta1_seed123
46,dqn_reward_500k_alpha0p0001_beta1_seed123,690.0,,482,482,,1.4315352697095436,,1046,models\dqn_reward_500k_alpha0p0001_beta1_seed123.zip,2026-06-07T20:02:33,alpha0p0001_beta1_seed123
47,dqn_reward_500k_alpha0p0001_beta1_seed123,690.0,,487,487,,1.4168377823408624,,1047,models\dqn_reward_500k_alpha0p0001_beta1_seed123.zip,2026-06-07T20:02:36,alpha0p0001_beta1_seed123
48,dqn_reward_500k_alpha0p0001_beta1_seed123,690.0,,486,486,,1.4197530864197532,,1048,models\dqn_reward_500k_alpha0p0001_beta1_seed123.zip,2026-06-07T20:02:38,alpha0p0001_beta1_seed123
49,dqn_reward_500k_alpha0p0001_beta1_seed123,690.0,,487,487,,1.4168377823408624,,1049,models\dqn_reward_500k_alpha0p0001_beta1_seed123.zip,2026-06-07T20:02:40,alpha0p0001_beta1_seed123
0,dqn_reward_500k_alpha0p0005_beta1_seed123,550.0,,472,472,,1.1652542372881356,,1000,models\dqn_reward_500k_alpha0p0005_beta1_seed123.zip,2026-06-07T20:02:59,alpha0p0005_beta1_seed123
1,dqn_reward_500k_alpha0p0005_beta1_seed123,590.0,,579,579,,1.0189982728842832,,1001,models\dqn_reward_500k_alpha0p0005_beta1_seed123.zip,2026-06-07T20:03:01,alpha0p0005_beta1_seed123
2,dqn_reward_500k_alpha0p0005_beta1_seed123,590.0,,583,583,,1.012006861063465,,1002,models\dqn_reward_500k_alpha0p0005_beta1_seed123.zip,2026-06-07T20:03:03,alpha0p0005_beta1_seed123
3,dqn_reward_500k_alpha0p0005_beta1_seed123,590.0,,586,586,,1.006825938566553,,1003,models\dqn_reward_500k_alpha0p0005_beta1_seed123.zip,2026-06-07T20:03:05,alpha0p0005_beta1_seed123
4,dqn_reward_500k_alpha0p0005_beta1_seed123,590.0,,584,584,,1.0102739726027397,,1004,models\dqn_reward_500k_alpha0p0005_beta1_seed123.zip,2026-06-07T20:03:08,alpha0p0005_beta1_seed123
5,dqn_reward_500k_alpha0p0005_beta1_seed123,670.0,,567,567,,1.181657848324515,,1005,models\dqn_reward_500k_alpha0p0005_beta1_seed123.zip,2026-06-07T20:03:10,alpha0p0005_beta1_seed123
6,dqn_reward_500k_alpha0p0005_beta1_seed123,470.0,,551,551,,0.852994555353902,,1006,models\dqn_reward_500k_alpha0p0005_beta1_seed123.zip,2026-06-07T20:03:13,alpha0p0005_beta1_seed123
7,dqn_reward_500k_alpha0p0005_beta1_seed123,670.0,,567,567,,1.181657848324515,,1007,models\dqn_reward_500k_alpha0p0005_beta1_seed123.zip,2026-06-07T20:03:15,alpha0p0005_beta1_seed123
8,dqn_reward_500k_alpha0p0005_beta1_seed123,470.0,,548,548,,0.8576642335766423,,1008,models\dqn_reward_500k_alpha0p0005_beta1_seed123.zip,2026-06-07T20:03:18,alpha0p0005_beta1_seed123
9,dqn_reward_500k_alpha0p0005_beta1_seed123,550.0,,478,478,,1.1506276150627617,,1009,models\dqn_reward_500k_alpha0p0005_beta1_seed123.zip,2026-06-07T20:03:20,alpha0p0005_beta1_seed123
10,dqn_reward_500k_alpha0p0005_beta1_seed123,470.0,,546,546,,0.8608058608058609,,1010,models\dqn_reward_500k_alpha0p0005_beta1_seed123.zip,2026-06-07T20:03:22,alpha0p0005_beta1_seed123
11,dqn_reward_500k_alpha0p0005_beta1_seed123,670.0,,569,569,,1.1775043936731109,,1011,models\dqn_reward_500k_alpha0p0005_beta1_seed123.zip,2026-06-07T20:03:25,alpha0p0005_beta1_seed123
12,dqn_reward_500k_alpha0p0005_beta1_seed123,590.0,,586,586,,1.006825938566553,,1012,models\dqn_reward_500k_alpha0p0005_beta1_seed123.zip,2026-06-07T20:03:27,alpha0p0005_beta1_seed123
13,dqn_reward_500k_alpha0p0005_beta1_seed123,470.0,,547,547,,0.8592321755027422,,1013,models\dqn_reward_500k_alpha0p0005_beta1_seed123.zip,2026-06-07T20:03:29,alpha0p0005_beta1_seed123
14,dqn_reward_500k_alpha0p0005_beta1_seed123,470.0,,550,550,,0.8545454545454545,,1014,models\dqn_reward_500k_alpha0p0005_beta1_seed123.zip,2026-06-07T20:03:32,alpha0p0005_beta1_seed123
15,dqn_reward_500k_alpha0p0005_beta1_seed123,590.0,,579,579,,1.0189982728842832,,1015,models\dqn_reward_500k_alpha0p0005_beta1_seed123.zip,2026-06-07T20:03:34,alpha0p0005_beta1_seed123
16,dqn_reward_500k_alpha0p0005_beta1_seed123,670.0,,564,564,,1.1879432624113475,,1016,models\dqn_reward_500k_alpha0p0005_beta1_seed123.zip,2026-06-07T20:03:36,alpha0p0005_beta1_seed123
17,dqn_reward_500k_alpha0p0005_beta1_seed123,670.0,,568,568,,1.1795774647887325,,1017,models\dqn_reward_500k_alpha0p0005_beta1_seed123.zip,2026-06-07T20:03:39,alpha0p0005_beta1_seed123
18,dqn_reward_500k_alpha0p0005_beta1_seed123,470.0,,549,549,,0.8561020036429873,,1018,models\dqn_reward_500k_alpha0p0005_beta1_seed123.zip,2026-06-07T20:03:41,alpha0p0005_beta1_seed123
19,dqn_reward_500k_alpha0p0005_beta1_seed123,590.0,,579,579,,1.0189982728842832,,1019,models\dqn_reward_500k_alpha0p0005_beta1_seed123.zip,2026-06-07T20:03:43,alpha0p0005_beta1_seed123
20,dqn_reward_500k_alpha0p0005_beta1_seed123,550.0,,471,471,,1.167728237791932,,1020,models\dqn_reward_500k_alpha0p0005_beta1_seed123.zip,2026-06-07T20:03:45,alpha0p0005_beta1_seed123
21,dqn_reward_500k_alpha0p0005_beta1_seed123,670.0,,564,564,,1.1879432624113475,,1021,models\dqn_reward_500k_alpha0p0005_beta1_seed123.zip,2026-06-07T20:03:48,alpha0p0005_beta1_seed123
22,dqn_reward_500k_alpha0p0005_beta1_seed123,470.0,,550,550,,0.8545454545454545,,1022,models\dqn_reward_500k_alpha0p0005_beta1_seed123.zip,2026-06-07T20:03:50,alpha0p0005_beta1_seed123
23,dqn_reward_500k_alpha0p0005_beta1_seed123,470.0,,547,547,,0.8592321755027422,,1023,models\dqn_reward_500k_alpha0p0005_beta1_seed123.zip,2026-06-07T20:03:52,alpha0p0005_beta1_seed123
24,dqn_reward_500k_alpha0p0005_beta1_seed123,590.0,,580,580,,1.0172413793103448,,1024,models\dqn_reward_500k_alpha0p0005_beta1_seed123.zip,2026-06-07T20:03:55,alpha0p0005_beta1_seed123
25,dqn_reward_500k_alpha0p0005_beta1_seed123,550.0,,474,474,,1.160337552742616,,1025,models\dqn_reward_500k_alpha0p0005_beta1_seed123.zip,2026-06-07T20:03:57,alpha0p0005_beta1_seed123
26,dqn_reward_500k_alpha0p0005_beta1_seed123,550.0,,472,472,,1.1652542372881356,,1026,models\dqn_reward_500k_alpha0p0005_beta1_seed123.zip,2026-06-07T20:03:59,alpha0p0005_beta1_seed123
27,dqn_reward_500k_alpha0p0005_beta1_seed123,470.0,,549,549,,0.8561020036429873,,1027,models\dqn_reward_500k_alpha0p0005_beta1_seed123.zip,2026-06-07T20:04:01,alpha0p0005_beta1_seed123
28,dqn_reward_500k_alpha0p0005_beta1_seed123,590.0,,584,584,,1.0102739726027397,,1028,models\dqn_reward_500k_alpha0p0005_beta1_seed123.zip,2026-06-07T20:04:03,alpha0p0005_beta1_seed123
29,dqn_reward_500k_alpha0p0005_beta1_seed123,550.0,,473,473,,1.162790697674419,,1029,models\dqn_reward_500k_alpha0p0005_beta1_seed123.zip,2026-06-07T20:04:05,alpha0p0005_beta1_seed123
30,dqn_reward_500k_alpha0p0005_beta1_seed123,470.0,,547,547,,0.8592321755027422,,1030,models\dqn_reward_500k_alpha0p0005_beta1_seed123.zip,2026-06-07T20:04:07,alpha0p0005_beta1_seed123
31,dqn_reward_500k_alpha0p0005_beta1_seed123,470.0,,549,549,,0.8561020036429873,,1031,models\dqn_reward_500k_alpha0p0005_beta1_seed123.zip,2026-06-07T20:04:09,alpha0p0005_beta1_seed123
32,dqn_reward_500k_alpha0p0005_beta1_seed123,550.0,,474,474,,1.160337552742616,,1032,models\dqn_reward_500k_alpha0p0005_beta1_seed123.zip,2026-06-07T20:04:12,alpha0p0005_beta1_seed123
33,dqn_reward_500k_alpha0p0005_beta1_seed123,670.0,,564,564,,1.1879432624113475,,1033,models\dqn_reward_500k_alpha0p0005_beta1_seed123.zip,2026-06-07T20:04:14,alpha0p0005_beta1_seed123
34,dqn_reward_500k_alpha0p0005_beta1_seed123,550.0,,474,474,,1.160337552742616,,1034,models\dqn_reward_500k_alpha0p0005_beta1_seed123.zip,2026-06-07T20:04:16,alpha0p0005_beta1_seed123
35,dqn_reward_500k_alpha0p0005_beta1_seed123,670.0,,564,564,,1.1879432624113475,,1035,models\dqn_reward_500k_alpha0p0005_beta1_seed123.zip,2026-06-07T20:04:18,alpha0p0005_beta1_seed123
36,dqn_reward_500k_alpha0p0005_beta1_seed123,470.0,,547,547,,0.8592321755027422,,1036,models\dqn_reward_500k_alpha0p0005_beta1_seed123.zip,2026-06-07T20:04:20,alpha0p0005_beta1_seed123
37,dqn_reward_500k_alpha0p0005_beta1_seed123,470.0,,550,550,,0.8545454545454545,,1037,models\dqn_reward_500k_alpha0p0005_beta1_seed123.zip,2026-06-07T20:04:23,alpha0p0005_beta1_seed123
38,dqn_reward_500k_alpha0p0005_beta1_seed123,550.0,,473,473,,1.162790697674419,,1038,models\dqn_reward_500k_alpha0p0005_beta1_seed123.zip,2026-06-07T20:04:24,alpha0p0005_beta1_seed123
39,dqn_reward_500k_alpha0p0005_beta1_seed123,590.0,,581,581,,1.0154905335628228,,1039,models\dqn_reward_500k_alpha0p0005_beta1_seed123.zip,2026-06-07T20:04:27,alpha0p0005_beta1_seed123
40,dqn_reward_500k_alpha0p0005_beta1_seed123,670.0,,570,570,,1.1754385964912282,,1040,models\dqn_reward_500k_alpha0p0005_beta1_seed123.zip,2026-06-07T20:04:29,alpha0p0005_beta1_seed123
41,dqn_reward_500k_alpha0p0005_beta1_seed123,590.0,,584,584,,1.0102739726027397,,1041,models\dqn_reward_500k_alpha0p0005_beta1_seed123.zip,2026-06-07T20:04:32,alpha0p0005_beta1_seed123
42,dqn_reward_500k_alpha0p0005_beta1_seed123,590.0,,585,585,,1.0085470085470083,,1042,models\dqn_reward_500k_alpha0p0005_beta1_seed123.zip,2026-06-07T20:04:35,alpha0p0005_beta1_seed123
43,dqn_reward_500k_alpha0p0005_beta1_seed123,550.0,,476,476,,1.1554621848739497,,1043,models\dqn_reward_500k_alpha0p0005_beta1_seed123.zip,2026-06-07T20:04:37,alpha0p0005_beta1_seed123
44,dqn_reward_500k_alpha0p0005_beta1_seed123,550.0,,471,471,,1.167728237791932,,1044,models\dqn_reward_500k_alpha0p0005_beta1_seed123.zip,2026-06-07T20:04:39,alpha0p0005_beta1_seed123
45,dqn_reward_500k_alpha0p0005_beta1_seed123,590.0,,579,579,,1.0189982728842832,,1045,models\dqn_reward_500k_alpha0p0005_beta1_seed123.zip,2026-06-07T20:04:42,alpha0p0005_beta1_seed123
46,dqn_reward_500k_alpha0p0005_beta1_seed123,550.0,,472,472,,1.1652542372881356,,1046,models\dqn_reward_500k_alpha0p0005_beta1_seed123.zip,2026-06-07T20:04:45,alpha0p0005_beta1_seed123
47,dqn_reward_500k_alpha0p0005_beta1_seed123,550.0,,477,477,,1.1530398322851152,,1047,models\dqn_reward_500k_alpha0p0005_beta1_seed123.zip,2026-06-07T20:04:46,alpha0p0005_beta1_seed123
48,dqn_reward_500k_alpha0p0005_beta1_seed123,550.0,,476,476,,1.1554621848739497,,1048,models\dqn_reward_500k_alpha0p0005_beta1_seed123.zip,2026-06-07T20:04:48,alpha0p0005_beta1_seed123
49,dqn_reward_500k_alpha0p0005_beta1_seed123,550.0,,477,477,,1.1530398322851152,,1049,models\dqn_reward_500k_alpha0p0005_beta1_seed123.zip,2026-06-07T20:04:51,alpha0p0005_beta1_seed123
0,dqn_reward_500k_alpha0p001_beta0p5_seed123,450.0,,432,432,,1.0416666666666667,,1000,models\dqn_reward_500k_alpha0p001_beta0p5_seed123.zip,2026-06-07T20:05:23,alpha0p001_beta0p5_seed123
1,dqn_reward_500k_alpha0p001_beta0p5_seed123,670.0,,683,683,,0.9809663250366032,,1001,models\dqn_reward_500k_alpha0p001_beta0p5_seed123.zip,2026-06-07T20:05:26,alpha0p001_beta0p5_seed123
2,dqn_reward_500k_alpha0p001_beta0p5_seed123,670.0,,687,687,,0.975254730713246,,1002,models\dqn_reward_500k_alpha0p001_beta0p5_seed123.zip,2026-06-07T20:05:28,alpha0p001_beta0p5_seed123
3,dqn_reward_500k_alpha0p001_beta0p5_seed123,670.0,,690,690,,0.9710144927536232,,1003,models\dqn_reward_500k_alpha0p001_beta0p5_seed123.zip,2026-06-07T20:05:31,alpha0p001_beta0p5_seed123
4,dqn_reward_500k_alpha0p001_beta0p5_seed123,670.0,,688,688,,0.9738372093023256,,1004,models\dqn_reward_500k_alpha0p001_beta0p5_seed123.zip,2026-06-07T20:05:33,alpha0p001_beta0p5_seed123
5,dqn_reward_500k_alpha0p001_beta0p5_seed123,320.0,,305,305,,1.0491803278688523,,1005,models\dqn_reward_500k_alpha0p001_beta0p5_seed123.zip,2026-06-07T20:05:34,alpha0p001_beta0p5_seed123
6,dqn_reward_500k_alpha0p001_beta0p5_seed123,1270.0,,699,699,,1.8168812589413448,,1006,models\dqn_reward_500k_alpha0p001_beta0p5_seed123.zip,2026-06-07T20:05:37,alpha0p001_beta0p5_seed123
7,dqn_reward_500k_alpha0p001_beta0p5_seed123,320.0,,305,305,,1.0491803278688523,,1007,models\dqn_reward_500k_alpha0p001_beta0p5_seed123.zip,2026-06-07T20:05:38,alpha0p001_beta0p5_seed123
8,dqn_reward_500k_alpha0p001_beta0p5_seed123,1270.0,,696,696,,1.8247126436781609,,1008,models\dqn_reward_500k_alpha0p001_beta0p5_seed123.zip,2026-06-07T20:05:41,alpha0p001_beta0p5_seed123
9,dqn_reward_500k_alpha0p001_beta0p5_seed123,450.0,,438,438,,1.0273972602739727,,1009,models\dqn_reward_500k_alpha0p001_beta0p5_seed123.zip,2026-06-07T20:05:42,alpha0p001_beta0p5_seed123
10,dqn_reward_500k_alpha0p001_beta0p5_seed123,1270.0,,694,694,,1.829971181556196,,1010,models\dqn_reward_500k_alpha0p001_beta0p5_seed123.zip,2026-06-07T20:05:45,alpha0p001_beta0p5_seed123
11,dqn_reward_500k_alpha0p001_beta0p5_seed123,320.0,,307,307,,1.0423452768729642,,1011,models\dqn_reward_500k_alpha0p001_beta0p5_seed123.zip,2026-06-07T20:05:46,alpha0p001_beta0p5_seed123
12,dqn_reward_500k_alpha0p001_beta0p5_seed123,670.0,,690,690,,0.9710144927536232,,1012,models\dqn_reward_500k_alpha0p001_beta0p5_seed123.zip,2026-06-07T20:05:49,alpha0p001_beta0p5_seed123
13,dqn_reward_500k_alpha0p001_beta0p5_seed123,1270.0,,695,695,,1.8273381294964028,,1013,models\dqn_reward_500k_alpha0p001_beta0p5_seed123.zip,2026-06-07T20:05:52,alpha0p001_beta0p5_seed123
14,dqn_reward_500k_alpha0p001_beta0p5_seed123,1270.0,,698,698,,1.819484240687679,,1014,models\dqn_reward_500k_alpha0p001_beta0p5_seed123.zip,2026-06-07T20:05:55,alpha0p001_beta0p5_seed123
15,dqn_reward_500k_alpha0p001_beta0p5_seed123,670.0,,683,683,,0.9809663250366032,,1015,models\dqn_reward_500k_alpha0p001_beta0p5_seed123.zip,2026-06-07T20:05:57,alpha0p001_beta0p5_seed123
16,dqn_reward_500k_alpha0p001_beta0p5_seed123,320.0,,302,302,,1.0596026490066226,,1016,models\dqn_reward_500k_alpha0p001_beta0p5_seed123.zip,2026-06-07T20:05:59,alpha0p001_beta0p5_seed123
17,dqn_reward_500k_alpha0p001_beta0p5_seed123,320.0,,306,306,,1.0457516339869282,,1017,models\dqn_reward_500k_alpha0p001_beta0p5_seed123.zip,2026-06-07T20:06:00,alpha0p001_beta0p5_seed123
18,dqn_reward_500k_alpha0p001_beta0p5_seed123,1270.0,,697,697,,1.8220946915351504,,1018,models\dqn_reward_500k_alpha0p001_beta0p5_seed123.zip,2026-06-07T20:06:02,alpha0p001_beta0p5_seed123
19,dqn_reward_500k_alpha0p001_beta0p5_seed123,670.0,,683,683,,0.9809663250366032,,1019,models\dqn_reward_500k_alpha0p001_beta0p5_seed123.zip,2026-06-07T20:06:05,alpha0p001_beta0p5_seed123
20,dqn_reward_500k_alpha0p001_beta0p5_seed123,450.0,,431,431,,1.0440835266821349,,1020,models\dqn_reward_500k_alpha0p001_beta0p5_seed123.zip,2026-06-07T20:06:07,alpha0p001_beta0p5_seed123
21,dqn_reward_500k_alpha0p001_beta0p5_seed123,320.0,,302,302,,1.0596026490066226,,1021,models\dqn_reward_500k_alpha0p001_beta0p5_seed123.zip,2026-06-07T20:06:08,alpha0p001_beta0p5_seed123
22,dqn_reward_500k_alpha0p001_beta0p5_seed123,1270.0,,698,698,,1.819484240687679,,1022,models\dqn_reward_500k_alpha0p001_beta0p5_seed123.zip,2026-06-07T20:06:10,alpha0p001_beta0p5_seed123
23,dqn_reward_500k_alpha0p001_beta0p5_seed123,1270.0,,695,695,,1.8273381294964028,,1023,models\dqn_reward_500k_alpha0p001_beta0p5_seed123.zip,2026-06-07T20:06:13,alpha0p001_beta0p5_seed123
24,dqn_reward_500k_alpha0p001_beta0p5_seed123,670.0,,684,684,,0.97953216374269,,1024,models\dqn_reward_500k_alpha0p001_beta0p5_seed123.zip,2026-06-07T20:06:16,alpha0p001_beta0p5_seed123
25,dqn_reward_500k_alpha0p001_beta0p5_seed123,450.0,,434,434,,1.036866359447005,,1025,models\dqn_reward_500k_alpha0p001_beta0p5_seed123.zip,2026-06-07T20:06:18,alpha0p001_beta0p5_seed123
26,dqn_reward_500k_alpha0p001_beta0p5_seed123,450.0,,432,432,,1.0416666666666667,,1026,models\dqn_reward_500k_alpha0p001_beta0p5_seed123.zip,2026-06-07T20:06:20,alpha0p001_beta0p5_seed123
27,dqn_reward_500k_alpha0p001_beta0p5_seed123,1270.0,,697,697,,1.8220946915351504,,1027,models\dqn_reward_500k_alpha0p001_beta0p5_seed123.zip,2026-06-07T20:06:22,alpha0p001_beta0p5_seed123
28,dqn_reward_500k_alpha0p001_beta0p5_seed123,670.0,,688,688,,0.9738372093023256,,1028,models\dqn_reward_500k_alpha0p001_beta0p5_seed123.zip,2026-06-07T20:06:25,alpha0p001_beta0p5_seed123
29,dqn_reward_500k_alpha0p001_beta0p5_seed123,450.0,,433,433,,1.039260969976905,,1029,models\dqn_reward_500k_alpha0p001_beta0p5_seed123.zip,2026-06-07T20:06:27,alpha0p001_beta0p5_seed123
30,dqn_reward_500k_alpha0p001_beta0p5_seed123,1270.0,,695,695,,1.8273381294964028,,1030,models\dqn_reward_500k_alpha0p001_beta0p5_seed123.zip,2026-06-07T20:06:30,alpha0p001_beta0p5_seed123
31,dqn_reward_500k_alpha0p001_beta0p5_seed123,1270.0,,697,697,,1.8220946915351504,,1031,models\dqn_reward_500k_alpha0p001_beta0p5_seed123.zip,2026-06-07T20:06:34,alpha0p001_beta0p5_seed123
32,dqn_reward_500k_alpha0p001_beta0p5_seed123,450.0,,434,434,,1.036866359447005,,1032,models\dqn_reward_500k_alpha0p001_beta0p5_seed123.zip,2026-06-07T20:06:35,alpha0p001_beta0p5_seed123
33,dqn_reward_500k_alpha0p001_beta0p5_seed123,320.0,,302,302,,1.0596026490066226,,1033,models\dqn_reward_500k_alpha0p001_beta0p5_seed123.zip,2026-06-07T20:06:37,alpha0p001_beta0p5_seed123
34,dqn_reward_500k_alpha0p001_beta0p5_seed123,450.0,,434,434,,1.036866359447005,,1034,models\dqn_reward_500k_alpha0p001_beta0p5_seed123.zip,2026-06-07T20:06:39,alpha0p001_beta0p5_seed123
35,dqn_reward_500k_alpha0p001_beta0p5_seed123,320.0,,302,302,,1.0596026490066226,,1035,models\dqn_reward_500k_alpha0p001_beta0p5_seed123.zip,2026-06-07T20:06:40,alpha0p001_beta0p5_seed123
36,dqn_reward_500k_alpha0p001_beta0p5_seed123,1270.0,,695,695,,1.8273381294964028,,1036,models\dqn_reward_500k_alpha0p001_beta0p5_seed123.zip,2026-06-07T20:06:43,alpha0p001_beta0p5_seed123
37,dqn_reward_500k_alpha0p001_beta0p5_seed123,1270.0,,698,698,,1.819484240687679,,1037,models\dqn_reward_500k_alpha0p001_beta0p5_seed123.zip,2026-06-07T20:06:46,alpha0p001_beta0p5_seed123
38,dqn_reward_500k_alpha0p001_beta0p5_seed123,450.0,,433,433,,1.039260969976905,,1038,models\dqn_reward_500k_alpha0p001_beta0p5_seed123.zip,2026-06-07T20:06:48,alpha0p001_beta0p5_seed123
39,dqn_reward_500k_alpha0p001_beta0p5_seed123,670.0,,685,685,,0.978102189781022,,1039,models\dqn_reward_500k_alpha0p001_beta0p5_seed123.zip,2026-06-07T20:06:51,alpha0p001_beta0p5_seed123
40,dqn_reward_500k_alpha0p001_beta0p5_seed123,320.0,,308,308,,1.0389610389610389,,1040,models\dqn_reward_500k_alpha0p001_beta0p5_seed123.zip,2026-06-07T20:06:52,alpha0p001_beta0p5_seed123
41,dqn_reward_500k_alpha0p001_beta0p5_seed123,670.0,,688,688,,0.9738372093023256,,1041,models\dqn_reward_500k_alpha0p001_beta0p5_seed123.zip,2026-06-07T20:06:55,alpha0p001_beta0p5_seed123
42,dqn_reward_500k_alpha0p001_beta0p5_seed123,670.0,,689,689,,0.9724238026124818,,1042,models\dqn_reward_500k_alpha0p001_beta0p5_seed123.zip,2026-06-07T20:06:58,alpha0p001_beta0p5_seed123
43,dqn_reward_500k_alpha0p001_beta0p5_seed123,450.0,,436,436,,1.0321100917431192,,1043,models\dqn_reward_500k_alpha0p001_beta0p5_seed123.zip,2026-06-07T20:07:00,alpha0p001_beta0p5_seed123
44,dqn_reward_500k_alpha0p001_beta0p5_seed123,450.0,,431,431,,1.0440835266821349,,1044,models\dqn_reward_500k_alpha0p001_beta0p5_seed123.zip,2026-06-07T20:07:02,alpha0p001_beta0p5_seed123
45,dqn_reward_500k_alpha0p001_beta0p5_seed123,670.0,,683,683,,0.9809663250366032,,1045,models\dqn_reward_500k_alpha0p001_beta0p5_seed123.zip,2026-06-07T20:07:05,alpha0p001_beta0p5_seed123
46,dqn_reward_500k_alpha0p001_beta0p5_seed123,450.0,,432,432,,1.0416666666666667,,1046,models\dqn_reward_500k_alpha0p001_beta0p5_seed123.zip,2026-06-07T20:07:06,alpha0p001_beta0p5_seed123
47,dqn_reward_500k_alpha0p001_beta0p5_seed123,450.0,,437,437,,1.0297482837528604,,1047,models\dqn_reward_500k_alpha0p001_beta0p5_seed123.zip,2026-06-07T20:07:08,alpha0p001_beta0p5_seed123
48,dqn_reward_500k_alpha0p001_beta0p5_seed123,450.0,,436,436,,1.0321100917431192,,1048,models\dqn_reward_500k_alpha0p001_beta0p5_seed123.zip,2026-06-07T20:07:10,alpha0p001_beta0p5_seed123
49,dqn_reward_500k_alpha0p001_beta0p5_seed123,450.0,,437,437,,1.0297482837528604,,1049,models\dqn_reward_500k_alpha0p001_beta0p5_seed123.zip,2026-06-07T20:07:12,alpha0p001_beta0p5_seed123
